{"cameraMode":{"drawMode":0,"name":"Shaded","section":"Shading Mode"},"sceneLighting":false,"audioPlay":false,"sceneViewState":{"showFog":true,"showMaterialUpdate":false,"showSkybox":false,"showFlares":true,"showImageEffects":true,"showParticleSystems":true},"in2DMode":false,"pivot":{"x":-0.345703125,"y":0.895263671875,"z":-0.4755859375},"rotation":{"x":0.005538805387914181,"y":-0.9922927618026733,"z":0.04856489598751068,"w":0.11423248797655106},"size":0.5016483068466187,"orthographic":true}