{"cameraMode":{"drawMode":2,"name":"Shaded Wireframe","section":"Shading Mode"},"sceneLighting":true,"audioPlay":false,"sceneViewState":{"showFog":true,"showMaterialUpdate":false,"showSkybox":true,"showFlares":true,"showImageEffects":true,"showParticleSystems":true},"in2DMode":false,"pivot":{"x":4.080778121948242,"y":165.91026306152345,"z":60.31248474121094},"rotation":{"x":0.550446629524231,"y":0.0037529324181377889,"z":-0.0024849027395248415,"w":0.8348730802536011},"size":3.439945697784424,"orthographic":false}